method,num_samples,average_EPE,average_Bad-3px (%),average_Runtime (ms),average_Valid prediction ratio (%)
StereoBM,5,1.8292870399999999,60.637754215414034,27.959379949606955,42.11335445274818
SGBM,5,1.7474417299999998,22.885851113786174,49.79092001449317,84.13839836336749
