method,num_samples,average_EPE,average_Bad-3px (%),average_Runtime (ms),average_Valid prediction ratio (%)
StereoBM,5,1.8292870999999997,60.637754215414034,11.027198400029192,42.11335445274818
SGBM,5,1.74744171,22.885851113786174,30.634153199980574,84.13839836336749
