block_size,num_disparities,num_samples,average_EPE,average_Bad-3px (%),average_Runtime (ms),average_Valid prediction ratio (%)
3,128,20,1.4423289,19.182024237668067,43.92677998403087,86.4398235175517
5,128,20,1.2998035,17.623258879124062,35.14076501596719,87.23624160763129
7,128,20,1.2508705,17.042330272665062,33.579610008746386,87.53416973582044
9,128,20,1.2726219,16.957949308400536,26.99133000569418,87.5382937806749
11,128,20,1.350204,17.29596885300579,38.992645003600046,87.3538327505637
